{
  "feature_names": [
    "Age",
    "Years_Smoked",
    "Pack_Years",
    "BMI",
    "Lung_Function_Test_Result",
    "Air_Quality_Index",
    "Tumor_Size_cm",
    "Pack_Years_Normalized",
    "Symptom_Count",
    "Environmental_Risk",
    "Risk_Score_Composite"
  ],
  "mean": [
    53.432880952380955,
    20.49002857142857,
    23.730819047619047,
    27.995718571428572,
    64.94364428571429,
    254.4422238095238,
    7.484221285714286
  ],
  "std": [
    20.792712088273326,
    13.874917952537947,
    26.356195778233804,
    6.931113234493387,
    20.19000340538995,
    141.45110625905977,
    4.324270651113347
  ],
  "var": [
    432.3368759858277,
    192.51334818965984,
    694.6490559005895,
    48.04033066936939,
    407.6362375096578,
    20008.415461911816,
    18.69931666408025
  ]
}